colnames,healthyAvg
x,85.8352324940268
y,47.4227853335784
cld,57.7292468869194
frs,27.5568804097315
pre,21.7692263719511
tmn,-17.8299747184556
tmp,-13.1415724137933
tmx,-8.47326009009838
vap,3.58712713582388
wet,8.75351367045729
dominant_land_cover,4.56418623891161
