colnames,healthyAvg
Pregnancies,3.20429515418502
Glucose,111.031007751938
BloodPressure,70.8505154639175
SkinThickness,27.4193792581378
Insulin,131.058702368692
BMI,31.0768237934904
Age,31.1112334801762
